k,silhouette,davies_bouldin,calinski_harabasz,inertia
3,0.29254635373135773,1.2126411684325151,327.69923546125017,1850.2166789129644
4,0.2849665217414671,1.2014800710768663,320.3950006452737,1530.1232772982646
5,0.2819076815866333,1.242713194837304,305.01200370062656,1334.115203690406
2,0.26532480983433115,1.504907196640641,314.9185207713575,2410.057710573362
