cluster,n,mean_dea,mean_rc_score,mean_margin_score,mean_crisis,support_score,median_rc,median_margin
1,326,0.7371367409418207,0.652006837407005,0.31683193723454456,0.18673312883435583,0.0,0.8070879642193218,-2478750.0
0,461,0.6854769182905274,0.9581873359254343,0.6349518187885868,0.7462039045553145,1.0,1.8916326244651154,19992200.0
