readiness_label,count,share
Not Recommended,268,0.32883435582822085
Conditional,374,0.4588957055214724
Recommended,173,0.21226993865030674
