best_model,accuracy,balanced_accuracy,f1_macro,f1_weighted
Extra Trees,0.9644670050761421,0.9587565008340692,0.9616999937315865,0.9644578835269382
