,precision,recall,f1-score,support
Conditional,0.9906542056074766,0.9636363636363636,0.9769585253456221,110.0
Not Recommended,0.9444444444444444,1.0,0.9714285714285714,17.0
Recommended,0.9583333333333334,0.9857142857142858,0.971830985915493,70.0
accuracy,0.9746192893401016,0.9746192893401016,0.9746192893401016,0.9746192893401016
macro avg,0.9644773277950849,0.9831168831168832,0.9734060275632288,197.0
weighted avg,0.975181987338636,0.9746192893401016,0.9746593528750693,197.0
