{
  "best_model": "Extra Trees",
  "accuracy": 0.9644670050761421,
  "balanced_accuracy": 0.9587565008340692,
  "f1_macro": 0.9616999937315865,
  "f1_weighted": 0.9644578835269382
}