model,cv_macro_f1_mean,cv_macro_f1_std,n_splits
Decision Tree,0.8707624229687888,0.019474185515528163,3
Random Forest,0.9185472518143,0.006002075197529593,3
