mode,best_model,accuracy,balanced_accuracy,f1_macro,f1_weighted,n_features
operational_prediction,LightGBM,0.9362745098039216,0.9285844404892902,0.9342745679914312,0.9361548441997123,52
rule_replication,Extra Trees,0.9754901960784313,0.976634639765054,0.9746179667768479,0.9755091784085939,74
