,precision,recall,f1-score,support
Conditional,0.9175257731958762,0.9468085106382979,0.9319371727748691,94.0
Not Recommended,0.9552238805970149,0.9552238805970149,0.9552238805970149,67.0
Recommended,0.95,0.8837209302325582,0.9156626506024096,43.0
accuracy,0.9362745098039216,0.9362745098039216,0.9362745098039216,0.9362745098039216
macro avg,0.940916551264297,0.9285844404892902,0.9342745679914312,204.0
weighted avg,0.9367520719628057,0.9362745098039216,0.9361548441997123,204.0
